handle,author,email,rating,title,body,picture_urls,published_at,verified,reply
halloween-pet-bundle-muzzle-costume,Lisa T.,megan2055@outlook.com,5,Best Halloween purchase EVER,Ordered this for my beagle and the reactions we got trick-or-treating were PRICELESS. The muzzle fits perfectly and the Chucky costume was so easy to put on. Every single house stopped us for photos. Already ordered for my sister's dogs too.,"https://cdn.shopify.com/s/files/1/1075/3012/5643/files/bozal-real-1_8835c9de-2609-42e9-8347-a59d1bd35ebb.jpg,https://cdn.shopify.com/s/files/1/1075/3012/5643/files/S01ba1fa6a9484c59aecb061368f36025a_835b7e76-49da-48ed-999b-058669418ee8.webp",2026-04-21,true,
halloween-pet-bundle-muzzle-costume,Amy T.,maria4813@protonmail.com,5,Literally stopped traffic on our street,My goldendoodle looked absolutely terrifying in the smiling muzzle + Chucky combo. Neighbors came out of their houses just to see her. The quality is way better than I expected for the price. Shipping was fast too — arrived in 5 days.,https://cdn.shopify.com/s/files/1/1075/3012/5643/files/S01ba1fa6a9484c59aecb061368f36025a_835b7e76-49da-48ed-999b-058669418ee8.webp,2026-09-06,true,
halloween-pet-bundle-muzzle-costume,Mike M.,vanessa9469@yahoo.com,5,Our dog won the neighborhood costume contest,We entered the HOA Halloween contest and won first place. The bundle is incredibly good value — paying separately would have cost so much more. The muzzle stayed on the whole night without slipping once.,https://cdn.shopify.com/s/files/1/1075/3012/5643/files/bozalsonrisa_7_hd_sharp_f9158fd5-bd12-47f7-a24a-e1d72d8c15a8.jpg,2026-09-28,true,
halloween-pet-bundle-muzzle-costume,Paul C.,laura760@protonmail.com,4,Hilarious combo — muzzle runs slightly small,The smiling muzzle is absolutely hilarious and the costume quality is solid. I'd say order one size up on the muzzle if your dog is between sizes — mine is a medium but the small was a tiny bit tight. Still 10/10 for fun factor.,https://cdn.shopify.com/s/files/1/1075/3012/5643/files/bozal-real-2_99791ce0-d94f-447b-9ba8-21dbf7d377dc.jpg,2026-05-29,true,
halloween-pet-bundle-muzzle-costume,Stephanie K.,dan1317@yahoo.com,5,Went viral on Instagram with this,"Posted a video of my French Bulldog and it got 80k views overnight. This bundle is literally perfect for content creators. Fast shipping, great quality, and the packaging was really nice. Will definitely buy for Christmas too.",https://cdn.shopify.com/s/files/1/1075/3012/5643/files/Sdd3f0af0080541beaaff8f6fd2ef391aD_f1f97e90-7afd-42b6-abe5-3916512469c9.webp,2026-04-26,true,
halloween-pet-bundle-muzzle-costume,Rebecca N.,nicole4564@outlook.com,5,Dog didn't mind it at all,I was worried my anxious rescue would hate the muzzle but she barely noticed it. The soft material is really comfortable and the Velcro on the costume held up for hours of wear. Best $30 I've spent this Halloween.,https://cdn.shopify.com/s/files/1/1075/3012/5643/files/bozalsonrisa_9_hd_ultrasharp_dea5f07e-1fb8-420d-b5a9-b6bf2eb70bdf.jpg,2026-09-10,true,
halloween-pet-bundle-muzzle-costume,Ryan M.,sofia2674@hotmail.com,5,My kids lost their minds,"When I put this on our dog, my kids screamed and then laughed for 10 minutes straight. The smiling muzzle is SO realistic. Costume is well-made — no fraying or loose threads. Shipping was quicker than expected.","https://cdn.shopify.com/s/files/1/1075/3012/5643/files/bozal-real-1_8835c9de-2609-42e9-8347-a59d1bd35ebb.jpg,https://cdn.shopify.com/s/files/1/1075/3012/5643/files/S01ba1fa6a9484c59aecb061368f36025a_835b7e76-49da-48ed-999b-058669418ee8.webp",2026-06-30,true,
halloween-pet-bundle-muzzle-costume,Brittany G.,tyler4384@protonmail.com,4,"Great quality, wish it came with more sizes",Love both items in this bundle. My only suggestion is adding more size options for larger breeds. My German Shepherd needed an XL and it was just a tiny bit short on the body. Still looked amazing though!,https://cdn.shopify.com/s/files/1/1075/3012/5643/files/S01ba1fa6a9484c59aecb061368f36025a_835b7e76-49da-48ed-999b-058669418ee8.webp,2026-09-22,true,
halloween-pet-bundle-muzzle-costume,Chris Y.,steven1179@icloud.com,5,The most fun $29 I've spent,Took my pup to the dog park and absolutely everyone stopped to laugh and take pictures. The smiling muzzle is incredibly detailed — the teeth look so real. Outstanding value as a bundle vs. buying separately.,https://cdn.shopify.com/s/files/1/1075/3012/5643/files/bozalsonrisa_7_hd_sharp_f9158fd5-bd12-47f7-a24a-e1d72d8c15a8.jpg,2026-09-10,true,
smiling-dog-muzzle-anti-bite-mask-with-funny-teeth,Andrea F.,james8761@protonmail.com,5,Funniest thing I've ever bought,My rottweiler looks absolutely ridiculous in the best possible way. The muzzle actually functions well as an anti-bite muzzle AND looks hilarious. Great for groomer visits — my dog is calmer and the groomers love it.,"https://cdn.shopify.com/s/files/1/1075/3012/5643/files/bozal-real-1.jpg,https://cdn.shopify.com/s/files/1/1075/3012/5643/files/bozal-real-2.jpg",2026-06-02,true,
smiling-dog-muzzle-anti-bite-mask-with-funny-teeth,Katherine F.,kevin7583@outlook.com,5,Went viral on TikTok,Posted my Beagle wearing this and got 200k views. The quality is shockingly good for the price — the teeth look SO realistic. Fits snugly and my dog doesn't try to take it off. Buying two more for friends.,https://cdn.shopify.com/s/files/1/1075/3012/5643/files/bozal-real-2.jpg,2026-06-09,true,
smiling-dog-muzzle-anti-bite-mask-with-funny-teeth,Heather Y.,cody9135@yahoo.com,5,Vet actually asked where I got it,Took my reactive dog to the vet with this on. The vet staff spent more time laughing than working on her. Best part: it actually prevents biting AND the staff was so distracted by the funny muzzle she got less anxious. Win-win.,https://cdn.shopify.com/s/files/1/1075/3012/5643/files/bozal-real-4.jpg,2026-09-23,true,
smiling-dog-muzzle-anti-bite-mask-with-funny-teeth,Amanda L.,patrick926@yahoo.com,4,"Fits great, looks amazing","Really solid quality. Fits my medium-sized mutt perfectly — the adjustable straps make it easy to get a secure fit. The only reason for 4 stars is that the smile looks slightly asymmetrical on my dog's face, but that almost makes it funnier.",https://cdn.shopify.com/s/files/1/1075/3012/5643/files/bozal-real-5.jpg,2026-04-09,true,
smiling-dog-muzzle-anti-bite-mask-with-funny-teeth,Eric L.,mark6582@hotmail.com,5,My dog wins every costume contest,"Used this at the dog park's Halloween event and my dog won the costume section without even wearing a full costume — just this muzzle. Everyone was losing it. Fast shipping, well packaged, excellent quality.",https://cdn.shopify.com/s/files/1/1075/3012/5643/files/bozalsonrisa_7_hd_sharp.jpg,2026-04-17,true,
smiling-dog-muzzle-anti-bite-mask-with-funny-teeth,Brian G.,nathan9302@protonmail.com,5,Perfect for anxious dogs at the vet,My rescue bites out of fear at the vet. This muzzle calms her down (she can breathe and drink water with it on) AND makes the whole experience lighter for everyone. The staff loves seeing her come in now.,https://cdn.shopify.com/s/files/1/1075/3012/5643/files/bozalsonrisa_9_hd_ultrasharp.jpg,2026-06-20,true,
smiling-dog-muzzle-anti-bite-mask-with-funny-teeth,Adam G.,kyle8189@outlook.com,5,Better than expected quality,The material is soft and breathable — my dog can pant and drink water while wearing it. The smiling teeth are incredibly detailed. It's been washed twice already and shows no signs of wear. Absolutely recommend.,"https://cdn.shopify.com/s/files/1/1075/3012/5643/files/bozalsnrs.11.png,https://cdn.shopify.com/s/files/1/1075/3012/5643/files/bozal-real-1.jpg",2026-09-12,true,
smiling-dog-muzzle-anti-bite-mask-with-funny-teeth,Jason P.,derek2350@hotmail.com,4,Super funny but size up if unsure,I'd say go one size up if you're between sizes. My pittie needed a large instead of medium. But once I got the right size it fits perfectly and she barely notices it. The reactions from strangers on walks are priceless.,https://cdn.shopify.com/s/files/1/1075/3012/5643/files/bozal-real-1.jpg,2026-05-06,true,
smiling-dog-muzzle-anti-bite-mask-with-funny-teeth,Sarah H.,kimberly9207@icloud.com,5,My golden retriever looks like a politician,"Put this on my friendly golden and he just stared at people with his 'big smile'. I've never had so many people stop us on our walk. Excellent product, fast shipping, great packaging.",https://cdn.shopify.com/s/files/1/1075/3012/5643/files/bozal-real-2.jpg,2026-06-07,true,
smiling-dog-muzzle-anti-bite-mask-with-funny-teeth,Melissa V.,carlos7029@icloud.com,5,Halloween sorted for life,I buy this every Halloween and give them as gifts to dog owner friends. Everyone loses their mind every single time. The quality has stayed consistent across multiple orders. MundoPeludo never disappoints.,"https://cdn.shopify.com/s/files/1/1075/3012/5643/files/bozal-real-4.jpg,https://cdn.shopify.com/s/files/1/1075/3012/5643/files/bozal-real-5.jpg",2026-07-12,true,
chucky-dog-costume-halloween,Michelle M.,samantha3603@yahoo.com,5,My dog IS Chucky now,"The costume is incredibly detailed — the stripes are perfect, the overalls are well-stitched. My small terrier wore it for 4 hours trick-or-treating and it never came loose. Got more photos taken than the kids.","https://cdn.shopify.com/s/files/1/1075/3012/5643/files/S01ba1fa6a9484c59aecb061368f36025a.webp,https://cdn.shopify.com/s/files/1/1075/3012/5643/files/Sdd3f0af0080541beaaff8f6fd2ef391aD.webp",2026-08-09,true,
chucky-dog-costume-halloween,Ashley R.,andrew1499@gmail.com,5,Quality is way better than expected,"For the price I expected cheap fabric, but this is genuinely well-made. The material is soft, the stitching is clean, and it fits my French Bulldog like it was tailored for her. She'll be wearing this to the dog park all October.",https://cdn.shopify.com/s/files/1/1075/3012/5643/files/Sdd3f0af0080541beaaff8f6fd2ef391aD.webp,2026-04-29,true,
chucky-dog-costume-halloween,David E.,alex2631@protonmail.com,4,"Great costume, measure carefully",Really nice quality overall. I wish the sizing guide had a bit more detail — I ordered a size down for a slimmer fit but I think the standard size would've been fine. Still looks amazing on my dachshund.,https://cdn.shopify.com/s/files/1/1075/3012/5643/files/Sed9c41c14c834c4883a0faefbc53c9b5C.webp,2026-07-18,true,
chucky-dog-costume-halloween,Tom W.,jessica1050@outlook.com,5,Absolute scene-stealer at every event,Took my Shih Tzu to three Halloween events and every single person stopped to take a photo. The costume held up brilliantly through the whole season. Easy to put on and take off too — important for a wiggly dog.,"https://cdn.shopify.com/s/files/1/1075/3012/5643/files/S3b2306b3e01349089811966c9233f48cL.webp,https://cdn.shopify.com/s/files/1/1075/3012/5643/files/S881f314563c049c89a7708897f444aeeW.webp",2026-07-07,true,
chucky-dog-costume-halloween,Rachel W.,emma7678@icloud.com,5,Better than any pet store costume,I've bought costumes from PetSmart before and they fall apart in an hour. This one is still in perfect condition after multiple wears. The detail on the costume is impressive — even the knife graphic is included.,https://cdn.shopify.com/s/files/1/1075/3012/5643/files/S881f314563c049c89a7708897f444aeeW.webp,2026-06-04,true,
chucky-dog-costume-halloween,Jennifer T.,josh198@protonmail.com,5,My cat actually wore this!,"I know it says dog costume but I tried it on my very patient Maine Coon and it fits beautifully on a large cat too. Looks hilarious. Great product, arrived quickly and well-packaged.",https://cdn.shopify.com/s/files/1/1075/3012/5643/files/S01ba1fa6a9484c59aecb061368f36025a.webp,2026-04-30,true,
chucky-dog-costume-halloween,Lisa T.,megan4381@protonmail.com,4,Fun but XL runs slightly small,The costume is fantastic quality and the Chucky print is very well done. For XL I'd say it's made for stocky small dogs — my medium-sized dog wore the XL and it was just a bit snug. Still looked great!,https://cdn.shopify.com/s/files/1/1075/3012/5643/files/Sdd3f0af0080541beaaff8f6fd2ef391aD.webp,2026-06-27,true,
chucky-dog-costume-halloween,Amy D.,maria4818@outlook.com,5,Won the neighborhood costume contest,My Pomeranian in this costume beat all the kids' costumes in our neighborhood contest. First place and bragging rights for the year. Buying two more as gifts for dog-owner friends.,https://cdn.shopify.com/s/files/1/1075/3012/5643/files/Sed9c41c14c834c4883a0faefbc53c9b5C.webp,2026-05-11,true,
no-pull-dog-harness,Mike P.,vanessa63@protonmail.com,5,Finally stopped pulling in ONE walk,"My German Shepherd has pulled me down stairs before. After one 20-minute walk with this harness, she's already significantly calmer. The front clip is genius. I can't believe I waited this long to try a no-pull harness.","https://cdn.shopify.com/s/files/1/1075/3012/5643/files/1788967739602-oxcy2j26ba8_8730036f-7ebb-496b-b587-ce1e72f62534.webp,https://cdn.shopify.com/s/files/1/1075/3012/5643/files/1788967739646-oepnerkig7f_1f50be0b-e580-4ade-8c0d-a6ca72197d2e.webp",2026-06-07,true,
no-pull-dog-harness,Paul S.,laura2937@icloud.com,5,Transformed our morning walks,"My Labrador used to make walks a workout for ME, not him. First time using this harness and he walked calmly by my side the entire time. The padding is super comfortable and it's clearly made to last.",https://cdn.shopify.com/s/files/1/1075/3012/5643/files/1788967739646-oepnerkig7f_1f50be0b-e580-4ade-8c0d-a6ca72197d2e.webp,2026-04-28,true,
no-pull-dog-harness,Stephanie Y.,dan4899@protonmail.com,5,My dog escaped every other harness,I've tried 4 different harnesses on my escape-artist Husky. This is the first one she can't slip out of. The dual adjustment points mean you can really dial in the fit. Reflective trim is great for early morning walks too.,https://cdn.shopify.com/s/files/1/1075/3012/5643/files/1788967739633-ohy2ujmfj3f_4fc37986-1fd7-48c9-a1b0-5d71f8d5907f.webp,2026-08-08,true,
no-pull-dog-harness,Rebecca W.,nicole3268@yahoo.com,4,"Great quality, verify your measurements",Really sturdy and well-made harness. I'd strongly recommend measuring your dog before ordering as the sizing is true — I initially got the wrong size. Once I had the right one it fit perfectly. Front clip works brilliantly.,https://cdn.shopify.com/s/files/1/1075/3012/5643/files/1788967739549-297y3zu9l9i_59384704-1569-419c-bd67-f933945ed6ca.webp,2026-07-05,true,
no-pull-dog-harness,Ryan F.,sofia8847@icloud.com,5,"Vet recommended no-pull, this is the one","Our vet suggested a front-clip no-pull harness to help our anxious rescue build confidence. This one is exactly what she described. Great padding, quality materials, and my dog seems much more relaxed on walks now.",https://cdn.shopify.com/s/files/1/1075/3012/5643/files/1788967739612-b3l781s86gp_e9a13768-bf2c-46bb-9a66-df26badc256e.webp,2026-04-01,true,
no-pull-dog-harness,Brittany W.,tyler5320@outlook.com,5,Works for my 90lb pitbull,"I was skeptical this would hold up against my strong boy but it's incredibly robust. The metal rings are solid, the stitching is thick, and it distributes his pulling force so effectively he barely pulls at all now.",https://cdn.shopify.com/s/files/1/1075/3012/5643/files/1788967739602-oxcy2j26ba8_8730036f-7ebb-496b-b587-ce1e72f62534.webp,2026-04-05,true,
no-pull-dog-harness,Chris D.,steven5957@hotmail.com,5,Best purchase for my reactive dog,My reactive border collie needed a secure harness that wouldn't hurt him if he lunged. This harness is perfect — the padding prevents any pressure on his neck and the control handle helped me manage him safely.,"https://cdn.shopify.com/s/files/1/1075/3012/5643/files/1788967739646-oepnerkig7f_1f50be0b-e580-4ade-8c0d-a6ca72197d2e.webp,https://cdn.shopify.com/s/files/1/1075/3012/5643/files/1788967739633-ohy2ujmfj3f_4fc37986-1fd7-48c9-a1b0-5d71f8d5907f.webp",2026-06-01,true,
no-pull-dog-harness,Andrea B.,james3956@icloud.com,4,"Excellent harness, great value","This harness compares favorably to brands that cost 3x as much. The materials feel premium, the buckles are solid, and it's held up through 3 months of daily use in all weather. Definitely worth the price.",https://cdn.shopify.com/s/files/1/1075/3012/5643/files/1788967739633-ohy2ujmfj3f_4fc37986-1fd7-48c9-a1b0-5d71f8d5907f.webp,2026-04-21,true,
no-pull-dog-harness,Katherine C.,kevin7972@gmail.com,5,My golden LOVES wearing this,"My golden retriever actually gets excited when she sees the harness now — I think she associates it with walks. Comfortable padding, easy to put on, and the olive color looks great on her. Highly recommend.",https://cdn.shopify.com/s/files/1/1075/3012/5643/files/1788967739549-297y3zu9l9i_59384704-1569-419c-bd67-f933945ed6ca.webp,2026-08-15,true,
tactical-dog-collar-with-airtag-holder-metal-buckle,Heather E.,cody2113@protonmail.com,5,Perfect for my adventurous dog,My beagle disappears into the woods every chance he gets. This collar with the AirTag slot has given me total peace of mind. Metal buckle is genuinely strong — he's pulled against it hard and it hasn't budged.,"https://cdn.shopify.com/s/files/1/1075/3012/5643/files/S66ce3bb409f440b3a65b251904410ed4X.webp,https://cdn.shopify.com/s/files/1/1075/3012/5643/files/Se06a082623c3406d9cb65cead2ebfc80W.webp",2026-07-31,true,
tactical-dog-collar-with-airtag-holder-metal-buckle,Amanda T.,patrick2715@hotmail.com,5,"Military grade, consumer price",Works as advertised — AirTag fits perfectly in the holder and doesn't shift around. The metal quick-release buckle is surprisingly smooth to operate. Nylon is thick and sturdy. Very impressed.,https://cdn.shopify.com/s/files/1/1075/3012/5643/files/Se06a082623c3406d9cb65cead2ebfc80W.webp,2026-08-14,true,
tactical-dog-collar-with-airtag-holder-metal-buckle,Eric W.,mark6942@yahoo.com,5,Replaced a $90 collar,I had a premium tactical collar for my Belgian Malinois that cost nearly $100. This one performs just as well at a fraction of the price. The AirTag integration is seamless and secure.,https://cdn.shopify.com/s/files/1/1075/3012/5643/files/S57700b1439e148c1ac4937049037ac538.webp,2026-08-17,true,
tactical-dog-collar-with-airtag-holder-metal-buckle,Brian G.,nathan5117@outlook.com,4,"Solid collar, order correct size",Great quality collar. The sizing guide is accurate — measure carefully. Mine fits perfectly in the M size for my Border Collie. The reflective stitching is subtle but effective at night. AirTag slot is very secure.,https://cdn.shopify.com/s/files/1/1075/3012/5643/files/S43f3ff2047e642c492d11c24b9f4a9bf8.webp,2026-09-19,true,
tactical-dog-collar-with-airtag-holder-metal-buckle,Adam Y.,kyle6128@outlook.com,5,My German Shepherd approves,Bought the XL for my big boy and the fit is perfect. The handle on the back is incredibly useful when you need to quickly grab your dog. AirTag slot is flush-mounted so it doesn't catch on anything.,https://cdn.shopify.com/s/files/1/1075/3012/5643/files/S88d5077a90a447a999e4b0e6baea3e5ed.webp,2026-08-11,true,
tactical-dog-collar-with-airtag-holder-metal-buckle,Jason P.,derek1992@yahoo.com,5,Finally found my dog faster,My dog slipped out of the yard and I located her via Find My within 5 minutes because of this collar. That alone is worth 5 stars. The collar itself is excellent quality — tough nylon and solid hardware.,https://cdn.shopify.com/s/files/1/1075/3012/5643/files/S66ce3bb409f440b3a65b251904410ed4X.webp,2026-05-28,true,
tactical-dog-collar-with-airtag-holder-metal-buckle,Sarah C.,kimberly5549@gmail.com,5,Great for hiking and outdoor adventures,"Use this with my husky for mountain hiking. The metal buckle gives me confidence it won't snap, and the tactical stitching is reflective enough for dawn starts. AirTag has survived rain, mud, and river crossings.","https://cdn.shopify.com/s/files/1/1075/3012/5643/files/Se06a082623c3406d9cb65cead2ebfc80W.webp,https://cdn.shopify.com/s/files/1/1075/3012/5643/files/S57700b1439e148c1ac4937049037ac538.webp",2026-08-29,true,
tactical-dog-collar-with-airtag-holder-metal-buckle,Melissa T.,carlos3780@icloud.com,4,Very well made — gets warm in sun,"The metal buckle gets warm in direct summer sun, so I sometimes clip it before putting it on my dog. Everything else is excellent — the nylon is thick, the AirTag holder is perfectly designed, and it looks great.",https://cdn.shopify.com/s/files/1/1075/3012/5643/files/S57700b1439e148c1ac4937049037ac538.webp,2026-05-27,true,
tactical-dog-collar-with-airtag-holder-metal-buckle,Michelle A.,samantha1173@protonmail.com,5,My dog looks like a police K9,Not just functional — this collar makes my dog look absolutely badass. Multiple people have asked if he's a service dog. The quality is exceptional and the AirTag has already saved me one stressful afternoon.,https://cdn.shopify.com/s/files/1/1075/3012/5643/files/S43f3ff2047e642c492d11c24b9f4a9bf8.webp,2026-09-09,true,
calming-donut-dog-bed,Ashley B.,andrew3760@gmail.com,5,My anxious rescue FINALLY sleeps,My rescue terrier has never slept deeply since I got her 2 years ago. First night in this bed she was out cold in 15 minutes and slept straight through. The raised rim is clearly making her feel safe and enclosed.,"https://cdn.shopify.com/s/files/1/1075/3012/5643/files/81Nrb092uIL._AC_SL1500.jpg,https://cdn.shopify.com/s/files/1/1075/3012/5643/files/91RkAdK5TWL._AC_SL1500.jpg",2026-04-09,true,
calming-donut-dog-bed,David L.,alex1170@icloud.com,5,Worth every penny for the first night alone,Bought this for my Shih Tzu who usually sleeps restlessly. First night she curled up in it and slept 8 straight hours. The material is incredibly soft and I can already tell it's high quality — no shedding or flattening.,https://cdn.shopify.com/s/files/1/1075/3012/5643/files/91RkAdK5TWL._AC_SL1500.jpg,2026-05-31,true,
calming-donut-dog-bed,Tom J.,jessica7963@yahoo.com,5,My cat claimed it immediately,"I bought this for my dog, but my cat decided it was hers. I ended up buying a second one. The plush material is divine — both pets sleep in these beds for hours at a time. Machine washable is a huge bonus.",https://cdn.shopify.com/s/files/1/1075/3012/5643/files/91oNaXtmpwL._AC_SL1500.jpg,2026-08-17,true,
calming-donut-dog-bed,Rachel E.,emma9365@icloud.com,4,"Beautiful and functional, slight assembly needed",The bed arrived needing a bit of fluffing (normal after shipping). Once fluffed it's beautiful and very plush. My chihuahua was skeptical for one day and then decided it was the only place worth sleeping.,https://cdn.shopify.com/s/files/1/1075/3012/5643/files/81Nrb092uIL._AC_SL1500.jpg,2026-07-31,true,
calming-donut-dog-bed,Jennifer H.,josh7759@outlook.com,5,Best sleep my dog has ever had,My dog has joint issues and used to whimper at night. Since getting this bed he's quiet from 10pm to 7am. The raised rim clearly gives his neck and head the support he needed. I'm so glad I found this.,https://cdn.shopify.com/s/files/1/1075/3012/5643/files/91RkAdK5TWL._AC_SL1500.jpg,2026-05-19,true,
calming-donut-dog-bed,Lisa D.,megan1598@protonmail.com,5,"Washes perfectly, still fluffy after 4 washes",We've had this bed for 3 months and it's been washed 4 times. Still as fluffy and soft as day one. My golden retriever sleeps in it every single night. Absolutely worth it.,https://cdn.shopify.com/s/files/1/1075/3012/5643/files/91oNaXtmpwL._AC_SL1500.jpg,2026-07-20,true,
calming-donut-dog-bed,Amy M.,maria6949@outlook.com,5,My nervous dog is transformed,I've tried 3 calming beds before this one. This is the only one that actually works for my anxious border collie. The deep sides give her that 'burrowed in' feeling she loves. She actually carries it to different rooms.,"https://cdn.shopify.com/s/files/1/1075/3012/5643/files/81Nrb092uIL._AC_SL1500.jpg,https://cdn.shopify.com/s/files/1/1075/3012/5643/files/91RkAdK5TWL._AC_SL1500.jpg",2026-07-29,true,
calming-donut-dog-bed,Mike B.,vanessa1622@gmail.com,4,"Really good quality, size runs true",Perfect plush bed. The large is genuinely large — fits my cocker spaniel with room to stretch out. My only note is that very large breeds might want the XL. Material is super soft and the raised edge is well-stuffed.,https://cdn.shopify.com/s/files/1/1075/3012/5643/files/91RkAdK5TWL._AC_SL1500.jpg,2026-07-13,true,
orthopedic-pet-bed,Paul L.,laura1800@yahoo.com,5,My senior dog is pain-free for the first time in years,My 11-year-old Labrador has severe hip dysplasia. The first morning after sleeping on this bed he got up without limping. Our vet confirmed the memory foam is exactly what senior dogs need. Wish I'd found this sooner.,"https://cdn.shopify.com/s/files/1/1075/3012/5643/files/71twu6Y6whL._AC_SL1500.jpg,https://cdn.shopify.com/s/files/1/1075/3012/5643/files/716wmR_i2L._AC_SL1500.jpg",2026-05-20,true,
orthopedic-pet-bed,Stephanie G.,dan8796@outlook.com,5,3-inch memory foam is the real deal,I was skeptical it would actually be memory foam but it genuinely contours to my dog's body. My 70lb golden sleeps on it without sinking to the bottom. The waterproof cover has already survived two accidents with no issues.,https://cdn.shopify.com/s/files/1/1075/3012/5643/files/716wmR_i2L._AC_SL1500.jpg,2026-05-06,true,
orthopedic-pet-bed,Rebecca O.,nicole3016@hotmail.com,5,Replaced an expensive orthopedic bed at a quarter of the price,My previous orthopedic dog bed cost $180 and collapsed in 6 months. This one is 3 months in and still perfectly supportive. The cover zips off and washes beautifully. Outstanding value.,https://cdn.shopify.com/s/files/1/1075/3012/5643/files/71ocpNdd7SL._AC_SL1500.jpg,2026-07-28,true,
orthopedic-pet-bed,Ryan H.,sofia1245@outlook.com,4,"Great bed, dimensions are perfect",Really solid orthopedic bed. The memory foam is dense and supportive. My Bulldog takes up most of it but has plenty of room. I'd recommend measuring your dog and adding 6-8 inches to each dimension before ordering.,https://cdn.shopify.com/s/files/1/1075/3012/5643/files/71twu6Y6whL._AC_SL1500.jpg,2026-08-19,true,
orthopedic-pet-bed,Brittany D.,tyler838@protonmail.com,5,My dog chose this over the couch,"My Boxer refused to sleep anywhere but the couch. One week after getting this bed, he voluntarily goes to his bed at bedtime. The memory foam clearly feels amazing to him.",https://cdn.shopify.com/s/files/1/1075/3012/5643/files/716wmR_i2L._AC_SL1500.jpg,2026-08-17,true,
orthopedic-pet-bed,Chris A.,steven1538@yahoo.com,5,Waterproof cover actually works,My old dog has accidents at night. I was worried about the smell and damage to the foam. The waterproof cover is genuinely waterproof — lifted it off once and the foam underneath was completely dry. Game changer.,https://cdn.shopify.com/s/files/1/1075/3012/5643/files/71ocpNdd7SL._AC_SL1500.jpg,2026-05-13,true,
orthopedic-pet-bed,Andrea O.,james7966@outlook.com,5,"Vet recommended, highly satisfied",Our vet suggested memory foam for our post-surgery dog. This bed is exactly what she described. The 3-inch foam is supportive without being stiff. Our dog went from sleeping 6 hours to sleeping 9-10 hours after surgery.,"https://cdn.shopify.com/s/files/1/1075/3012/5643/files/71twu6Y6whL._AC_SL1500.jpg,https://cdn.shopify.com/s/files/1/1075/3012/5643/files/716wmR_i2L._AC_SL1500.jpg",2026-05-25,true,
orthopedic-pet-bed,Katherine N.,kevin970@yahoo.com,4,"Great product, cover could be softer",The memory foam is excellent and the waterproof cover works perfectly. My only preference would be for a slightly softer cover fabric — my dog took a day to get used to the texture. But he loves it now and sleeps there all night.,https://cdn.shopify.com/s/files/1/1075/3012/5643/files/716wmR_i2L._AC_SL1500.jpg,2026-07-07,true,
orthopedic-pet-bed,Heather A.,cody6406@hotmail.com,5,My arthritic dog is sleeping better,My 9-year-old shepherd has bad arthritis in her back legs. Since switching to this bed she's more energetic in the mornings and seems less stiff. The foam distributes her weight so evenly. Absolutely recommend for senior dogs.,https://cdn.shopify.com/s/files/1/1075/3012/5643/files/71ocpNdd7SL._AC_SL1500.jpg,2026-07-26,true,
automatic-cat-laser-toy,Amanda K.,patrick6940@protonmail.com,5,My indoor cats are finally exercised,I work long hours and felt guilty my cats weren't getting enough exercise. This toy runs automatically and my two cats chase it constantly. I set the timer and they're entertained for 20 minutes while I work. Life-changing purchase.,"https://cdn.shopify.com/s/files/1/1075/3012/5643/files/Prociv-Automatic-Cat-Laser-Toys-Interactive-Laser-Cat-Toys-for-Indoor-Cats-Kitty-Dogs-Cat-Laser-Toy-Automatic-White_17fda043-0896-42ed-8460-82368d5d6448.9b70ed3475af42d234b003209bc028.jpg,https://cdn.shopify.com/s/files/1/1075/3012/5643/files/37c3d03e-70bc-4296-845e-2d53061c2ddc.00b9a0013dbf48ba0654a3081cf85eda.jpg",2026-08-21,true,
automatic-cat-laser-toy,Eric R.,mark2546@yahoo.com,5,The most entertained my cat has ever been,My Persian was getting bored and starting to knock things off shelves. One week with this toy and she's finally sleeping through the night after wearing herself out. The random motion patterns keep her from figuring out the pattern.,https://cdn.shopify.com/s/files/1/1075/3012/5643/files/37c3d03e-70bc-4296-845e-2d53061c2ddc.00b9a0013dbf48ba0654a3081cf85eda.jpg,2026-06-15,true,
automatic-cat-laser-toy,Brian G.,nathan968@icloud.com,5,"Works perfectly, cats go crazy for it",The rotation is smooth and the laser is bright enough to see in any room. My three cats all take turns. The timer is really useful — I set it before bed and they're exhausted by morning. No more 3am zoomies.,https://cdn.shopify.com/s/files/1/1075/3012/5643/files/bd16b0bf-4514-40fe-95aa-3cf82bc4641a.2649fd3b10bc00a9a4fe7ceb46f886b3.jpg,2026-08-17,true,
automatic-cat-laser-toy,Adam B.,kyle5148@gmail.com,4,"Great toy, wish battery lasted longer",The cat goes absolutely insane for this toy. The only reason for 4 stars is that the battery doesn't last as long as I'd like — about 2 hours of continuous play. But with the auto-off timer that's more than enough. Still excellent value.,https://cdn.shopify.com/s/files/1/1075/3012/5643/files/Prociv-Automatic-Cat-Laser-Toys-Interactive-Laser-Cat-Toys-for-Indoor-Cats-Kitty-Dogs-Cat-Laser-Toy-Automatic-White_17fda043-0896-42ed-8460-82368d5d6448.9b70ed3475af42d234b003209bc028.jpg,2026-04-13,true,
automatic-cat-laser-toy,Jason V.,derek7821@icloud.com,5,Even my lazy cat plays with this,I have one very active cat and one very lazy cat. They BOTH chase this laser toy. The random movement must trigger some primal instinct. Both cats are now sleeping much better at night and my active one is calmer during the day.,https://cdn.shopify.com/s/files/1/1075/3012/5643/files/37c3d03e-70bc-4296-845e-2d53061c2ddc.00b9a0013dbf48ba0654a3081cf85eda.jpg,2026-08-14,true,
automatic-cat-laser-toy,Sarah F.,kimberly941@icloud.com,5,Used this to socialize a feral rescue,My feral cat rescue was terrified of everything. The laser toy gives her something to chase safely from a distance. After 3 weeks of playing with this she's now approaching me voluntarily. I can't thank MundoPeludo enough for this product.,https://cdn.shopify.com/s/files/1/1075/3012/5643/files/bd16b0bf-4514-40fe-95aa-3cf82bc4641a.2649fd3b10bc00a9a4fe7ceb46f886b3.jpg,2026-04-21,true,
automatic-cat-laser-toy,Melissa F.,carlos1132@icloud.com,4,"Cats love it, just check the angle",My cats absolutely love this but I noticed I needed to adjust the angle slightly for my low-to-the-ground room. Easy adjustment with the built-in dial. Once set correctly it projected perfectly around the whole floor. Great buy.,https://cdn.shopify.com/s/files/1/1075/3012/5643/files/Prociv-Automatic-Cat-Laser-Toys-Interactive-Laser-Cat-Toys-for-Indoor-Cats-Kitty-Dogs-Cat-Laser-Toy-Automatic-White_17fda043-0896-42ed-8460-82368d5d6448.9b70ed3475af42d234b003209bc028.jpg,2026-04-18,true,
automatic-cat-laser-toy,Michelle H.,samantha6625@gmail.com,5,Best investment for cat enrichment,"My vet recommended environmental enrichment for my indoor-only cats. This toy is perfect — it mimics prey movement and engages their hunting instincts. My cats are calmer, sleep better, and seem genuinely happier.",https://cdn.shopify.com/s/files/1/1075/3012/5643/files/37c3d03e-70bc-4296-845e-2d53061c2ddc.00b9a0013dbf48ba0654a3081cf85eda.jpg,2026-08-24,true,
xxl-cat-tree,Ashley H.,andrew9495@icloud.com,5,My 3 cats each have their own spot,I was worried about cat territory fights. This tree is tall enough that all three of my cats have claimed separate levels and none of them share. Solid construction — no wobbling even with my 15lb Maine Coon at the top.,"https://cdn.shopify.com/s/files/1/1075/3012/5643/files/71mcqXuRrzL._AC_SL1500.jpg,https://cdn.shopify.com/s/files/1/1075/3012/5643/files/814BygdEGhL._AC_SL1500.jpg",2026-04-11,true,
xxl-cat-tree,David W.,alex1353@outlook.com,5,Stopped all the counter-surfing,"My cats were climbing everything in the house. Once I assembled this tree and placed it by the window, they haven't touched the counters since. The sisal posts are saving my sofa too. Best $110 I've ever spent.",https://cdn.shopify.com/s/files/1/1075/3012/5643/files/814BygdEGhL._AC_SL1500.jpg,2026-09-16,true,
xxl-cat-tree,Tom V.,jessica9270@icloud.com,5,"Assembly was easy, quality is exceptional",Put this together in about 45 minutes with just a screwdriver. The base is incredibly stable and the sisal rope is thick and well-wrapped. My 3-year-old Maine Coon hangs off the top perch daily and it doesn't budge.,https://cdn.shopify.com/s/files/1/1075/3012/5643/files/81jNjFd6hzL._AC_SL1500.jpg,2026-06-20,true,
xxl-cat-tree,Rachel J.,emma3356@protonmail.com,4,"Great tree, one screw slightly stripped",Excellent cat tree overall. The only issue was one of the base screws stripped slightly during assembly. Still completely secure and stable — I just used a wider screwdriver. Everything else is perfect quality.,https://cdn.shopify.com/s/files/1/1075/3012/5643/files/71mcqXuRrzL._AC_SL1500.jpg,2026-10-01,true,
xxl-cat-tree,Jennifer L.,josh3920@hotmail.com,5,My cats prefer this to our furniture,"Before this tree, my sofas were shredded. Within one week of having the tree, my cats scratch only the sisal posts. The multiple heights and hammocks keep them endlessly entertained. My furniture is finally safe.",https://cdn.shopify.com/s/files/1/1075/3012/5643/files/814BygdEGhL._AC_SL1500.jpg,2026-07-11,true,
xxl-cat-tree,Lisa E.,megan4925@outlook.com,5,Holds up to rough play,My Siberian cats play-fight and wrestle constantly. This tree has survived months of daily rough use without a single piece coming loose. The bolts are solid and the platforms haven't cracked or warped. Outstanding quality.,https://cdn.shopify.com/s/files/1/1075/3012/5643/files/81jNjFd6hzL._AC_SL1500.jpg,2026-06-20,true,
xxl-cat-tree,Amy C.,maria162@outlook.com,5,Perfect by the window,Set it up in front of our big south-facing window and the cats have barely moved from it. Bird watching + sunbathing + scratching all in one spot. My elderly cat loves the lower hammock — she can get in without jumping high.,"https://cdn.shopify.com/s/files/1/1075/3012/5643/files/71mcqXuRrzL._AC_SL1500.jpg,https://cdn.shopify.com/s/files/1/1075/3012/5643/files/814BygdEGhL._AC_SL1500.jpg",2026-09-07,true,
xxl-cat-tree,Mike V.,vanessa1648@gmail.com,4,"Big, solid and functional, prepare your space",This tree is genuinely large — measure your space carefully. It takes up more floor space than I anticipated but that's a good thing because it's very stable. Assembly instructions could be clearer but it was manageable.,https://cdn.shopify.com/s/files/1/1075/3012/5643/files/814BygdEGhL._AC_SL1500.jpg,2026-08-16,true,
xxl-cat-tree,Paul G.,laura8298@hotmail.com,5,My rescue cats finally feel at home,I adopted two feral cats who were terrified of everything low to the ground. This tree gave them high vantage points where they feel safe. Within 2 days they were both on the top perches confidently. Incredible for cat psychology.,https://cdn.shopify.com/s/files/1/1075/3012/5643/files/81jNjFd6hzL._AC_SL1500.jpg,2026-05-04,true,
elevated-dog-cat-feeder,Stephanie M.,dan1137@yahoo.com,5,No more bloat issues for my Doberman,"My Doberman was getting GDV symptoms after every meal from eating too fast off the floor. Since switching to this elevated feeder, no more gagging or bloating. The vet confirmed the angle improvement helps digestion. Life-saving purchase.","https://cdn.shopify.com/s/files/1/1075/3012/5643/files/61YPzn0YifL._AC_SL1500.jpg,https://cdn.shopify.com/s/files/1/1075/3012/5643/files/71O5gKEDcfL._AC_SL1500.jpg",2026-07-04,true,
elevated-dog-cat-feeder,Rebecca K.,nicole2594@outlook.com,5,Beautiful and functional,This feeder looks beautiful in our kitchen — the bamboo matches our decor perfectly. The stainless steel bowls are easy to clean and don't hold smells. My two dogs eat calmly from it every day. Very happy with this purchase.,https://cdn.shopify.com/s/files/1/1075/3012/5643/files/71O5gKEDcfL._AC_SL1500.jpg,2026-08-18,true,
elevated-dog-cat-feeder,Ryan K.,sofia8676@gmail.com,5,My senior dog can eat without pain,My 10-year-old golden has arthritis in his neck and used to cry out when bending to eat. This elevated feeder has completely changed mealtimes for him — he eats comfortably without lowering his head. Wish I'd gotten this years ago.,https://cdn.shopify.com/s/files/1/1075/3012/5643/files/819CgCIq7-L._AC_SL1500.jpg,2026-09-18,true,
elevated-dog-cat-feeder,Brittany T.,tyler4915@protonmail.com,4,"Well made, measure dog height first",Excellent quality bamboo feeder. I'd recommend measuring your dog's ideal eating height before choosing the height setting — there are 4 options which is great. Stainless steel bowls are large and easy to clean. Very happy overall.,https://cdn.shopify.com/s/files/1/1075/3012/5643/files/61YPzn0YifL._AC_SL1500.jpg,2026-04-27,true,
elevated-dog-cat-feeder,Chris E.,steven4343@gmail.com,5,Both dogs use it perfectly,I have a large Labrador and a small Beagle. With the adjustable height I can set one bowl for each dog at their ideal height. The base is very stable — no tipping even when my Lab eats enthusiastically.,https://cdn.shopify.com/s/files/1/1075/3012/5643/files/71O5gKEDcfL._AC_SL1500.jpg,2026-04-28,true,
elevated-dog-cat-feeder,Andrea T.,james2556@hotmail.com,5,Stainless bowls are very high quality,"The bowls alone would be worth the price — heavy gauge stainless that doesn't tip, rust, or hold smells. The bamboo stand is beautiful. Assembly took less than 5 minutes. My cats also use one of the bowls for water.",https://cdn.shopify.com/s/files/1/1075/3012/5643/files/819CgCIq7-L._AC_SL1500.jpg,2026-06-12,true,
elevated-dog-cat-feeder,Katherine W.,kevin3460@protonmail.com,5,Solved our senior cat's eating issues,My 14-year-old cat has spine issues and couldn't comfortably eat from a floor bowl. This feeder at the lowest height is perfect for her. She's eating more since I got this. Vet was very pleased at her last checkup.,"https://cdn.shopify.com/s/files/1/1075/3012/5643/files/61YPzn0YifL._AC_SL1500.jpg,https://cdn.shopify.com/s/files/1/1075/3012/5643/files/71O5gKEDcfL._AC_SL1500.jpg",2026-06-27,true,
elevated-dog-cat-feeder,Heather G.,cody4335@icloud.com,4,"Nice product, bamboo needs oiling","Beautiful and functional feeder. The bamboo needs a light oiling every few months to stay in top condition (standard bamboo care). Other than that maintenance note, the quality is excellent and the dogs love it.",https://cdn.shopify.com/s/files/1/1075/3012/5643/files/71O5gKEDcfL._AC_SL1500.jpg,2026-08-04,true,
dog-grooming-clipper,Amanda J.,patrick842@gmail.com,5,Saved me $800 a year in grooming costs,I was paying $80 every 6 weeks to groom my poodle. These clippers are genuinely professional quality. I watched 2 YouTube tutorials and my poodle now looks salon-fresh every time. The price paid for itself after 2 uses.,"https://cdn.shopify.com/s/files/1/1075/3012/5643/files/71L_DViKbEL._AC_SL1280.jpg,https://cdn.shopify.com/s/files/1/1075/3012/5643/files/71baZKW9y2L._AC_SL1500.jpg",2026-09-10,true,
dog-grooming-clipper,Eric O.,mark4543@gmail.com,5,So quiet my anxious dog doesn't flinch,My previous clippers terrified my maltese. These are so quiet she doesn't even wake up sometimes. The charge lasts through a full groom with power to spare. Blades are sharp and cut cleanly through thick coat.,https://cdn.shopify.com/s/files/1/1075/3012/5643/files/71baZKW9y2L._AC_SL1500.jpg,2026-04-01,true,
dog-grooming-clipper,Brian L.,nathan2153@protonmail.com,5,Professional quality at home,"I'm a dog groomer and these are on par with my professional-grade equipment. For a home owner wanting to do touch-ups between professional grooms, this is absolutely perfect. The guard combs cover every length you'd need.",https://cdn.shopify.com/s/files/1/1075/3012/5643/files/71EgDrxoT0L._AC_SL1500.jpg,2026-06-07,true,
dog-grooming-clipper,Adam F.,kyle7249@icloud.com,4,"Great clippers, blade gets warm",These clippers perform really well and are impressively quiet. My only note is the blade gets warm after about 20 minutes of continuous use — just pause and let it cool for 2 minutes. Normal for clippers but worth knowing.,https://cdn.shopify.com/s/files/1/1075/3012/5643/files/71L_DViKbEL._AC_SL1280.jpg,2026-09-28,true,
dog-grooming-clipper,Jason O.,derek9199@gmail.com,5,My doodle's first home groom — nailed it,"I was terrified of grooming my goldendoodle at home but these clippers made it easy. The guides are clearly marked, the motor is smooth, and the result looked like a professional groom. My dog was calm throughout. Brilliant product.",https://cdn.shopify.com/s/files/1/1075/3012/5643/files/71baZKW9y2L._AC_SL1500.jpg,2026-04-29,true,
dog-grooming-clipper,Sarah C.,kimberly2452@icloud.com,5,Battery life is impressive,Fully charged it and groomed my standard poodle from scratch — full body groom took about 90 minutes. Still had charge left. The USB charging is convenient and the charge time is fast too. Very impressed with the battery performance.,https://cdn.shopify.com/s/files/1/1075/3012/5643/files/71EgDrxoT0L._AC_SL1500.jpg,2026-04-10,true,
dog-grooming-clipper,Melissa M.,carlos9553@icloud.com,5,My terrier looks show-quality,I had a professional groomer show me a few techniques and now I use these clippers weekly. The different blade attachments give me full control over length and style. The motor is powerful enough to handle my terrier's wiry coat perfectly.,"https://cdn.shopify.com/s/files/1/1075/3012/5643/files/71L_DViKbEL._AC_SL1280.jpg,https://cdn.shopify.com/s/files/1/1075/3012/5643/files/71baZKW9y2L._AC_SL1500.jpg",2026-05-08,true,
dog-grooming-clipper,Michelle O.,samantha2098@gmail.com,4,"Solid clippers, clean blades between sessions",Really good home grooming kit. I'd recommend cleaning and oiling the blades after each session for the best performance — takes 30 seconds. When maintained properly they cut just as well session after session.,https://cdn.shopify.com/s/files/1/1075/3012/5643/files/71baZKW9y2L._AC_SL1500.jpg,2026-06-18,true,
deshedding-brush-for-dogs-cats,Ashley M.,andrew663@hotmail.com,5,Finally no more fur on everything,"My husky sheds enough fur to make a second dog every week. This brush removes SO much loose coat in one session — I was genuinely shocked. After 3 weeks of using it twice a week, the fur on our furniture has reduced by at least 80%.","https://cdn.shopify.com/s/files/1/1075/3012/5643/files/S87f33ebcb8b446b7b8e916226c24a05c9_jpg_960x960q75_jpg.avif,https://cdn.shopify.com/s/files/1/1075/3012/5643/files/Sd643895728da4634acde27269e91dd415_jpg_960x960q75_jpg.avif",2026-05-24,true,
deshedding-brush-for-dogs-cats,David H.,alex1694@hotmail.com,5,The dual sides are genuinely useful,"I use the coarse side first to work out the tangles in my golden retriever, then the fine side to finish. It's like two brushes in one. My dog seems to enjoy being brushed with this — she leans into it. Outstanding product.",https://cdn.shopify.com/s/files/1/1075/3012/5643/files/Sd643895728da4634acde27269e91dd415_jpg_960x960q75_jpg.avif,2026-08-22,true,
deshedding-brush-for-dogs-cats,Tom O.,jessica2542@yahoo.com,5,Cleared a mat in my persian cat's fur,My persian had a mat developing near her tail. The coarse side of this brush worked through it in about 3 minutes without hurting her. Now I use it weekly and she's never had a mat since. Incredibly effective.,https://cdn.shopify.com/s/files/1/1075/3012/5643/files/Sa2e3b1481c4448b6b9d9970ed971d08fN_jpg_960x960q75_jpg.avif,2026-05-12,true,
deshedding-brush-for-dogs-cats,Rachel F.,emma6765@gmail.com,4,"Works great, angle matters","This brush is very effective — I get more fur out in 5 minutes than I used to in 20 minutes with my old brush. I found the sweet spot is holding it at about 45 degrees to the coat. Once you get the technique down, it's excellent.",https://cdn.shopify.com/s/files/1/1075/3012/5643/files/Sc00b702af50a49c4b905ab772bb72c844_jpg_960x960q75_jpg.avif,2026-05-16,true,
deshedding-brush-for-dogs-cats,Jennifer L.,josh6755@protonmail.com,5,My labrador LOVES being brushed now,My lab used to run away from brush time. Something about the way this brush glides through his coat he actually enjoys. He now sits still for the whole session. The amount of fur I collect each time is impressive.,https://cdn.shopify.com/s/files/1/1075/3012/5643/files/S87f33ebcb8b446b7b8e916226c24a05c9_jpg_960x960q75_jpg.avif,2026-06-03,true,
deshedding-brush-for-dogs-cats,Lisa J.,megan2618@protonmail.com,5,Vet groomer recommended this brand,Our vet groomer saw this in my bag and said it was one of the best home deshedding tools available. Coming from a professional that means everything. My Maine Coon's coat looks healthier since I started using it too.,https://cdn.shopify.com/s/files/1/1075/3012/5643/files/Sd643895728da4634acde27269e91dd415_jpg_960x960q75_jpg.avif,2026-04-28,true,
deshedding-brush-for-dogs-cats,Amy N.,maria644@outlook.com,5,Worth it for anyone with a double-coat dog,"My Bernese Mountain Dog has a thick double coat and used to shed constantly. This tool gets down to the undercoat in a way regular brushes can't. After 2 months of regular use, the seasonal shed has become much more manageable.","https://cdn.shopify.com/s/files/1/1075/3012/5643/files/Sa2e3b1481c4448b6b9d9970ed971d08fN_jpg_960x960q75_jpg.avif,https://cdn.shopify.com/s/files/1/1075/3012/5643/files/Sc00b702af50a49c4b905ab772bb72c844_jpg_960x960q75_jpg.avif",2026-05-27,true,
deshedding-brush-for-dogs-cats,Mike G.,vanessa7551@hotmail.com,4,"Good quality, takes practice",Really effective brush. The first time I used it I wasn't sure I was doing it right — there's a slight learning curve to the technique. By my second session I got the hang of it and now remove twice the fur in half the time. Great product.,https://cdn.shopify.com/s/files/1/1075/3012/5643/files/Sc00b702af50a49c4b905ab772bb72c844_jpg_960x960q75_jpg.avif,2026-06-18,true,
electric-pet-nail-trimmer,Paul H.,laura3662@gmail.com,5,No more vet nail appointments needed,My dog needed sedation at the vet for nail trims — she was that anxious about it. This grinder is so quiet and the vibration so gentle that she doesn't react at all. I do her nails at home in 10 minutes now. Game changer.,"https://cdn.shopify.com/s/files/1/1075/3012/5643/files/61yydTenNHL._AC_SL1500.jpg,https://cdn.shopify.com/s/files/1/1075/3012/5643/files/71c7yBj9SjL._AC_SL1500.jpg",2026-09-16,true,
electric-pet-nail-trimmer,Stephanie G.,dan6538@hotmail.com,5,Perfect for my terrified cat,My cat has never tolerated nail trims. The soft vibration of this grinder is so much less alarming than a clipper snap. She still doesn't love it but she tolerates it. LED light is incredibly useful for seeing the quick on dark nails.,https://cdn.shopify.com/s/files/1/1075/3012/5643/files/71c7yBj9SjL._AC_SL1500.jpg,2026-06-11,true,
electric-pet-nail-trimmer,Rebecca C.,nicole4583@hotmail.com,5,Vet-recommended grinding over clipping,"Our vet mentioned grinding creates a smoother edge that's less likely to split or crack. This grinder is whisper-quiet, charges via USB and lasts for multiple sessions on a charge. The LED light is genuinely useful on dark nails.",https://cdn.shopify.com/s/files/1/1075/3012/5643/files/719xoTAy4_L._AC_SL1500.jpg,2026-09-12,true,
electric-pet-nail-trimmer,Ryan S.,sofia6558@protonmail.com,4,"Great grinder, go slow with nervous dogs","Works perfectly as described. I'd say go very slowly with nervous dogs the first few times — just touch and remove, let them sniff it, work up gradually. Once my dog was comfortable with it, we can do all 4 paws in under 8 minutes.",https://cdn.shopify.com/s/files/1/1075/3012/5643/files/61yydTenNHL._AC_SL1500.jpg,2026-08-16,true,
electric-pet-nail-trimmer,Brittany L.,tyler462@gmail.com,5,Best gift for new dog owners,I bought this for my friend who just got a puppy. She's been using it since the puppy was 8 weeks old and he's completely calm for nail trims. Starting them young with this grinder is so much better than the clipper trauma I had with my dog.,https://cdn.shopify.com/s/files/1/1075/3012/5643/files/71c7yBj9SjL._AC_SL1500.jpg,2026-06-06,true,
electric-pet-nail-trimmer,Chris F.,steven9522@hotmail.com,5,"Charges fast, lasts forever",This trimmer charges in about 2 hours and then lasts through at least 4-5 full groom sessions. That's better battery life than any other pet grooming tool I own. The USB charging means I can charge it anywhere. Really happy with this.,https://cdn.shopify.com/s/files/1/1075/3012/5643/files/719xoTAy4_L._AC_SL1500.jpg,2026-04-10,true,
electric-pet-nail-trimmer,Andrea D.,james9784@outlook.com,5,Saved my hardwood floors,My dog's nails were clicking on the floor and scratching the wood. This grinder smooths them down beautifully. I use it weekly now for a quick touch-up. My floors are intact and my dog's nails are perfectly maintained.,"https://cdn.shopify.com/s/files/1/1075/3012/5643/files/61yydTenNHL._AC_SL1500.jpg,https://cdn.shopify.com/s/files/1/1075/3012/5643/files/71c7yBj9SjL._AC_SL1500.jpg",2026-06-28,true,
electric-pet-nail-trimmer,Katherine L.,kevin7159@icloud.com,4,"Works well, louder than expected",The grinder is more effective than clippers for sure. The noise level is slightly higher than I expected for 'quiet' — more of a gentle hum than completely silent. My dog got used to it quickly though. LED light is a very nice feature.,https://cdn.shopify.com/s/files/1/1075/3012/5643/files/71c7yBj9SjL._AC_SL1500.jpg,2026-08-09,true,
retractable-dog-leash-bag-dispenser,Heather D.,cody6321@icloud.com,5,Two products in one — genius,I used to walk with a leash in one hand and the bag dispenser jangling off it. Having both built in is so much cleaner and easier. The 16ft range gives my dog plenty of room to explore. Brake mechanism is smooth and reliable.,"https://cdn.shopify.com/s/files/1/1075/3012/5643/files/71RLs7mk3IL._AC_SL1500.jpg,https://cdn.shopify.com/s/files/1/1075/3012/5643/files/71tbr_Ymm5L._AC_SL1500.jpg",2026-05-19,true,
retractable-dog-leash-bag-dispenser,Amanda J.,patrick737@protonmail.com,5,Excellent quality for the price,"The locking mechanism clicks solidly, the cord is thick and strong, and the poop bag dispenser is genuinely easy to reload. My 45lb Labrador hasn't strained the cord once. Really well-engineered product.",https://cdn.shopify.com/s/files/1/1075/3012/5643/files/71tbr_Ymm5L._AC_SL1500.jpg,2026-07-21,true,
retractable-dog-leash-bag-dispenser,Eric A.,mark8528@icloud.com,5,Replaced my $50 leash happily,I had a name-brand retractable leash that broke after 18 months. This one is much better quality at a fraction of the price. The handle is ergonomic and comfortable for long walks. The reflective tape is a nice safety touch.,https://cdn.shopify.com/s/files/1/1075/3012/5643/files/817vkbGZZmL._AC_SL1500.jpg,2026-09-23,true,
retractable-dog-leash-bag-dispenser,Brian G.,nathan5977@outlook.com,4,"Great leash, use on sidewalk not trails",Excellent everyday leash for walks. I'd note that retractable leashes in general aren't ideal for trail hiking — I use a fixed leash for that. For neighborhood walks and parks this is perfect. Good quality all around.,https://cdn.shopify.com/s/files/1/1075/3012/5643/files/71RLs7mk3IL._AC_SL1500.jpg,2026-04-18,true,
retractable-dog-leash-bag-dispenser,Adam L.,kyle5153@protonmail.com,5,My dog loves the freedom,My golden retriever would sprint to the end of a regular leash constantly. With 16 feet of range she can sniff and explore while I stay on the path. The quick-lock is very responsive when I need to shorten the range.,https://cdn.shopify.com/s/files/1/1075/3012/5643/files/71tbr_Ymm5L._AC_SL1500.jpg,2026-05-02,true,
retractable-dog-leash-bag-dispenser,Jason K.,derek8318@hotmail.com,5,Dispenser actually works unlike others,"I've had retractable leashes with bag dispensers before where the dispenser was the weak point. This one works perfectly — the compartment closes securely so bags don't spill out, and it's very easy to thread new bags through.",https://cdn.shopify.com/s/files/1/1075/3012/5643/files/817vkbGZZmL._AC_SL1500.jpg,2026-09-18,true,
retractable-dog-leash-bag-dispenser,Sarah O.,kimberly5354@outlook.com,5,Great for training recall,I use this leash for long-line recall practice with my new puppy. 16 feet is perfect for the exercise and the locking mechanism is responsive enough to create resistance when needed. Strong and reliable product.,"https://cdn.shopify.com/s/files/1/1075/3012/5643/files/71RLs7mk3IL._AC_SL1500.jpg,https://cdn.shopify.com/s/files/1/1075/3012/5643/files/71tbr_Ymm5L._AC_SL1500.jpg",2026-09-26,true,
retractable-dog-leash-bag-dispenser,Melissa K.,carlos9093@yahoo.com,4,"Good value, cord slightly thin for large dogs",Really good leash overall. For very large or strong dogs I'd check the weight rating carefully. Mine is 60lbs and the cord feels adequate but if you have a 90lb+ pulling dog you might want something heavier-duty. Great for medium dogs.,https://cdn.shopify.com/s/files/1/1075/3012/5643/files/71tbr_Ymm5L._AC_SL1500.jpg,2026-05-20,true,
automatic-pet-feeder-for-dogs-and-cats,Michelle O.,samantha6221@protonmail.com,5,My cats are fed even when I travel,I travel for work 2-3 days at a time. This feeder means I don't need a cat sitter for short trips. The programming is intuitive and the portions are consistent. My cats adapted to the schedule within 2 days. Absolute lifesaver.,"https://cdn.shopify.com/s/files/1/1075/3012/5643/files/cm2.png,https://cdn.shopify.com/s/files/1/1075/3012/5643/files/cm4.png",2026-05-15,true,
automatic-pet-feeder-for-dogs-and-cats,Ashley W.,andrew9334@hotmail.com,5,Finally solved the 5am feeding,My cats used to wake me at 5am for breakfast every single day. I programmed a 6:30am feeding and they now sleep through until it goes off. I've slept until 8am for the first time in 3 years. Worth every penny.,https://cdn.shopify.com/s/files/1/1075/3012/5643/files/cm4.png,2026-07-13,true,
automatic-pet-feeder-for-dogs-and-cats,David T.,alex16@hotmail.com,5,Quality feels much more expensive,"The construction is solid — no flimsy plastic here. The motor is quiet when dispensing, the lid seals tightly to keep food fresh, and the display is clear and easy to program. Much better quality than the price suggests.",https://cdn.shopify.com/s/files/1/1075/3012/5643/files/cm3.png,2026-06-13,true,
automatic-pet-feeder-for-dogs-and-cats,Tom G.,jessica7053@icloud.com,4,"Works great, read the instructions fully",Excellent feeder once set up correctly. I'd recommend reading the full instruction manual before programming — there are a couple of steps that aren't intuitive. Once programmed it works perfectly and consistently. Very reliable.,https://cdn.shopify.com/s/files/1/1075/3012/5643/files/cm1.png,2026-09-03,true,
automatic-pet-feeder-for-dogs-and-cats,Rachel Y.,emma5289@outlook.com,5,Helped my dog lose weight,My vet put my overweight lab on a portion-controlled diet. This feeder makes it easy — I program exact portions 3 times a day and my dog gets his restricted diet consistently. He's lost 8lbs in 3 months on the diet plan.,https://cdn.shopify.com/s/files/1/1075/3012/5643/files/cm2.png,2026-07-23,true,
automatic-pet-feeder-for-dogs-and-cats,Jennifer P.,josh3511@icloud.com,5,2200ml is plenty for a week,The large capacity means I only need to refill it weekly for my 2 cats. The anti-jam mechanism works — my cats tried knocking it over to get more food and it still dispensed correctly. Very well designed.,https://cdn.shopify.com/s/files/1/1075/3012/5643/files/cm4.png,2026-07-31,true,
automatic-pet-feeder-for-dogs-and-cats,Lisa F.,megan1399@hotmail.com,5,Replaced two separate feeders,I used to have a feeder for each cat with different portion needs. This unit handles both — I programmed different portion sizes at the same times and both cats get their correct amounts. Simple and genius solution.,"https://cdn.shopify.com/s/files/1/1075/3012/5643/files/cm3.png,https://cdn.shopify.com/s/files/1/1075/3012/5643/files/cm1.png",2026-08-10,true,
automatic-pet-feeder-for-dogs-and-cats,Amy Y.,maria5501@gmail.com,4,"Good product, app could be improved",The feeder itself works perfectly. If you want WiFi functionality the app interface could be more intuitive. Basic timer programming without the app is completely straightforward though and works flawlessly. Great product overall.,https://cdn.shopify.com/s/files/1/1075/3012/5643/files/cm1.png,2026-05-31,true,
soft-sided-cat-carrier-travel,Mike K.,vanessa3690@yahoo.com,5,Passed airline inspection on first try,I was nervous about whether this would pass as a carry-on at the gate. It fit under the seat of a standard economy flight with my 10lb cat inside with no issues from the flight attendants. Excellent quality and proper sizing.,"https://cdn.shopify.com/s/files/1/1075/3012/5643/files/81PKb4vZyiL._AC_SL1500.jpg,https://cdn.shopify.com/s/files/1/1075/3012/5643/files/91hpK97fpZL._AC_SL1500.jpg",2026-05-08,true,
soft-sided-cat-carrier-travel,Paul A.,laura767@yahoo.com,5,My cat is calm in this carrier,My usually anxious cat travels quietly in this carrier. The mesh panels let her see out without feeling exposed. The fleece mat inside seems to comfort her. First time she's been calm for a car journey to the vet.,https://cdn.shopify.com/s/files/1/1075/3012/5643/files/91hpK97fpZL._AC_SL1500.jpg,2026-07-31,true,
soft-sided-cat-carrier-travel,Stephanie W.,dan1203@outlook.com,5,Took this on 4 flights — still perfect,"Used this on 4 international trips with my cat. Holds up beautifully — zippers work smoothly, pockets are useful for treats and documents, and the roller blind privacy shade is genius for when she gets overstimulated.",https://cdn.shopify.com/s/files/1/1075/3012/5643/files/71yxvYW2DQL._AC_SL1500.jpg,2026-07-16,true,
soft-sided-cat-carrier-travel,Rebecca Y.,nicole9441@yahoo.com,4,"Great carrier, check airline's size requirements",Really well made carrier. I'd always double-check your specific airline's carrier size requirements before flying as they vary. For most US carriers this fits perfectly in the underseat space. Quality is excellent.,https://cdn.shopify.com/s/files/1/1075/3012/5643/files/81PKb4vZyiL._AC_SL1500.jpg,2026-10-01,true,
soft-sided-cat-carrier-travel,Ryan N.,sofia8109@outlook.com,5,My anxious cat's new safe space,My cat uses this as her bed even at home — she found it calming and now chooses to sleep in it. That means she's already comfortable when I need to travel with her. Zero travel anxiety. Outstanding product.,https://cdn.shopify.com/s/files/1/1075/3012/5643/files/91hpK97fpZL._AC_SL1500.jpg,2026-06-02,true,
soft-sided-cat-carrier-travel,Brittany E.,tyler100@gmail.com,5,Much better than hard-sided carriers,"My cat used to slide around in her hard carrier and arrive stressed. The soft sides of this carrier naturally compress around her giving her a snugger, more secure feeling. She arrives much calmer now. I'll never go back to hard-sided.",https://cdn.shopify.com/s/files/1/1075/3012/5643/files/71yxvYW2DQL._AC_SL1500.jpg,2026-07-18,true,
soft-sided-cat-carrier-travel,Chris H.,steven2891@protonmail.com,5,Ventilation is genuinely excellent,I worried about airflow but the mesh panels provide excellent ventilation — even on a hot day my cat was comfortable. The privacy blind is useful when she gets overstimulated in busy environments. Well-thought-out design.,"https://cdn.shopify.com/s/files/1/1075/3012/5643/files/81PKb4vZyiL._AC_SL1500.jpg,https://cdn.shopify.com/s/files/1/1075/3012/5643/files/91hpK97fpZL._AC_SL1500.jpg",2026-08-11,true,
soft-sided-cat-carrier-travel,Andrea P.,james832@icloud.com,4,"Lovely carrier, heavier than expected","Excellent quality carrier — very well made. It is slightly heavier than I expected before adding a cat. For me that's fine as I use a luggage trolley, but if you're carrying long distances consider that. Overall very happy with it.",https://cdn.shopify.com/s/files/1/1075/3012/5643/files/91hpK97fpZL._AC_SL1500.jpg,2026-06-03,true,
dog-poop-bags,Katherine D.,kevin7488@yahoo.com,5,Never had a single leak,I've had the nightmare of a poop bag failing on a walk. These bags are thicker than any I've used before and I've done 280 walks without a single failure. The dispensing from the bone dispenser is smooth every time.,"https://cdn.shopify.com/s/files/1/1075/3012/5643/files/71jug0IZL8L._AC_SL1500.jpg,https://cdn.shopify.com/s/files/1/1075/3012/5643/files/61tLgcUZSSL._AC_SL1500.jpg",2026-07-28,true,
dog-poop-bags,Heather S.,cody9167@icloud.com,5,Biodegradable and actually good quality,Finally found eco-friendly bags that are actually strong. Most biodegradable bags I've tried are flimsy and tear. These have that extra thickness that gives you confidence. The scented version masks odor well on hot days.,https://cdn.shopify.com/s/files/1/1075/3012/5643/files/61tLgcUZSSL._AC_SL1500.jpg,2026-06-21,true,
dog-poop-bags,Amanda P.,patrick8280@outlook.com,5,"Great value, enough for months",280 bags is a lot even for multiple daily walks. I've had mine for almost 4 months and still have bags left. The rolls separate easily and the bags open easily even with gloves on. Really good product.,https://cdn.shopify.com/s/files/1/1075/3012/5643/files/71SO_sN3YdL._AC_SL1500.jpg,2026-08-19,true,
dog-poop-bags,Eric P.,mark2617@protonmail.com,4,"Good bags, dispenser clips tightly",Bags are excellent quality — thick and never leaked. The dispenser clip is very secure on a leash. The one thing I'd improve is the perforation between bags is slightly strong — takes both hands to tear one off. Minor issue in an otherwise great product.,https://cdn.shopify.com/s/files/1/1075/3012/5643/files/71jug0IZL8L._AC_SL1500.jpg,2026-07-31,true,
dog-poop-bags,Brian P.,nathan4256@yahoo.com,5,Best poop bags I've ever used,"I've tried probably a dozen brands. These are the thickest, most reliable bags I've found. The dispenser is a good design too — bone shape is cute and doesn't rattle on the leash. Will keep ordering these.",https://cdn.shopify.com/s/files/1/1075/3012/5643/files/61tLgcUZSSL._AC_SL1500.jpg,2026-09-11,true,
dog-poop-bags,Adam J.,kyle8550@outlook.com,5,Eco-friendly guilt-free option,"Love that these are certified biodegradable. As someone very conscious of plastic waste, having a bag that actually decomposes makes walks feel guilt-free. Quality is excellent — thick and never torn even for large dogs.",https://cdn.shopify.com/s/files/1/1075/3012/5643/files/71SO_sN3YdL._AC_SL1500.jpg,2026-09-08,true,
dog-poop-bags,Jason H.,derek4509@outlook.com,5,My dog walker uses only these now,"I introduced my dog walker to these bags and she now orders them for all her client walks. The combination of thickness, biodegradability and the good dispenser makes them the obvious choice. Excellent value pack size.","https://cdn.shopify.com/s/files/1/1075/3012/5643/files/71jug0IZL8L._AC_SL1500.jpg,https://cdn.shopify.com/s/files/1/1075/3012/5643/files/61tLgcUZSSL._AC_SL1500.jpg",2026-04-20,true,
dog-poop-bags,Sarah K.,kimberly3851@hotmail.com,4,"Good bags, slight scent on new rolls",These are excellent bags overall. The first few bags on a new roll have a slight manufacturing scent — it disappears after a few bags. The bags themselves are thick and reliable. Good eco choice and good price.,https://cdn.shopify.com/s/files/1/1075/3012/5643/files/61tLgcUZSSL._AC_SL1500.jpg,2026-06-25,true,
